,Geo Mean Stats,Skewness Stats
count,10000.0,10000.0
mean,0.0009921434219998808,-0.0014073148589197426
std,0.002013316376287093,0.23610854035455278
min,-0.007072292375536304,-0.981717705189229
25%,-0.0003314041295001957,-0.15610770582795416
50%,0.0009710765919773712,-0.002196446520733643
75%,0.002336414685604471,0.1529232738594029
max,0.008932906015109543,0.9792549591076796
